id,name,email,preferences
1,Dev K.,traveller1@example.com,Adventure|Spiritual
2,Varun P.,traveller2@example.com,Wildlife
3,Siddharth V.,traveller3@example.com,Beach|Hill Station|Spiritual
4,Rahul J.,traveller4@example.com,Spiritual
5,Rahul H.,traveller5@example.com,Wildlife
6,Imran I.,traveller6@example.com,Beach|Spiritual
7,Rahul M.,traveller7@example.com,Adventure|City
8,Nandini P.,traveller8@example.com,Beach|Spiritual|City
9,Neha C.,traveller9@example.com,Hill Station
10,Dev P.,traveller10@example.com,Nature|Wildlife
11,Pooja B.,traveller11@example.com,Heritage
12,Zoya A.,traveller12@example.com,Spiritual
13,Suresh S.,traveller13@example.com,Adventure
14,Riya C.,traveller14@example.com,Hill Station|Adventure
15,Yash P.,traveller15@example.com,Heritage
16,Varun S.,traveller16@example.com,Adventure
17,Arjun P.,traveller17@example.com,Hill Station
18,Sahil C.,traveller18@example.com,Beach|Adventure
19,Vihaan Y.,traveller19@example.com,Spiritual
20,Ira M.,traveller20@example.com,Nature
21,Siddharth J.,traveller21@example.com,Hill Station
22,Yash T.,traveller22@example.com,Beach|Wildlife
23,Meera B.,traveller23@example.com,Beach|Nature
24,Ira M.,traveller24@example.com,Wildlife
25,Arjun V.,traveller25@example.com,Heritage
26,Yash I.,traveller26@example.com,Beach
27,Harsh Y.,traveller27@example.com,Adventure|City
28,Nikhil H.,traveller28@example.com,Hill Station|Adventure
29,Rahul E.,traveller29@example.com,Beach|Nature
30,Meera J.,traveller30@example.com,Wildlife
31,Imran K.,traveller31@example.com,Beach
32,Varun H.,traveller32@example.com,Adventure|City
33,Vihaan E.,traveller33@example.com,Adventure
34,Joseph E.,traveller34@example.com,Spiritual
35,Priya N.,traveller35@example.com,Adventure|Wildlife
36,Gurpreet P.,traveller36@example.com,Spiritual|City
37,Saanvi D.,traveller37@example.com,Adventure|Wildlife|City
38,Nikhil H.,traveller38@example.com,Beach
39,Saanvi P.,traveller39@example.com,Hill Station|Nature|Adventure
40,Fatima S.,traveller40@example.com,Hill Station
41,Tanvi G.,traveller41@example.com,Beach|Spiritual
42,Sahil V.,traveller42@example.com,Heritage
43,Simran S.,traveller43@example.com,Spiritual|Wildlife
44,Simran I.,traveller44@example.com,Adventure
45,Gurpreet Y.,traveller45@example.com,Beach|Spiritual
46,Riya Y.,traveller46@example.com,Heritage
47,Vihaan I.,traveller47@example.com,Adventure|Spiritual|City
48,Priya M.,traveller48@example.com,Spiritual
49,Imran J.,traveller49@example.com,Beach
50,Tanvi H.,traveller50@example.com,Heritage|Adventure|Spiritual
51,Aarav J.,traveller51@example.com,Hill Station|Adventure
52,Aditya G.,traveller52@example.com,Heritage|Wildlife
53,Yash A.,traveller53@example.com,Heritage
54,Ananya C.,traveller54@example.com,Spiritual|Wildlife
55,Aarav P.,traveller55@example.com,Spiritual|City
56,Nikhil A.,traveller56@example.com,Beach|Hill Station
57,Suresh E.,traveller57@example.com,Adventure
58,Gurpreet G.,traveller58@example.com,City
59,Nikhil Y.,traveller59@example.com,Hill Station|City
60,Yash R.,traveller60@example.com,Adventure|City
61,Kavya V.,traveller61@example.com,Heritage
62,Joseph N.,traveller62@example.com,City
63,Kabir A.,traveller63@example.com,Heritage
64,Aditya A.,traveller64@example.com,Hill Station|Wildlife
65,Yash D.,traveller65@example.com,Hill Station|Nature
66,Ananya E.,traveller66@example.com,Beach|Heritage|Wildlife
67,Diya M.,traveller67@example.com,Wildlife
68,Sneha T.,traveller68@example.com,Adventure|City
69,Kabir C.,traveller69@example.com,Beach|City
70,Ira R.,traveller70@example.com,Adventure|Wildlife
71,Aditi N.,traveller71@example.com,Beach
72,Harsh B.,traveller72@example.com,Beach|Spiritual
73,Zoya G.,traveller73@example.com,Beach|Hill Station|City
74,Imran N.,traveller74@example.com,Hill Station
75,Harsh A.,traveller75@example.com,Wildlife
76,Anika I.,traveller76@example.com,Beach|Heritage
77,Yash G.,traveller77@example.com,Heritage
78,Lakshmi S.,traveller78@example.com,Heritage
79,Fatima A.,traveller79@example.com,Wildlife
80,Rohan M.,traveller80@example.com,Hill Station|Wildlife
81,Aditya C.,traveller81@example.com,Nature
82,Suresh E.,traveller82@example.com,Beach|Adventure
83,Riya E.,traveller83@example.com,Adventure
84,Suresh E.,traveller84@example.com,Adventure|Wildlife|City
85,Simran Y.,traveller85@example.com,Heritage|City
86,Priya I.,traveller86@example.com,Adventure
87,Kabir N.,traveller87@example.com,Beach|Heritage
88,Rahul Y.,traveller88@example.com,Beach
89,Siddharth Y.,traveller89@example.com,Spiritual
90,Saanvi N.,traveller90@example.com,Wildlife
91,Yash M.,traveller91@example.com,Hill Station
92,Aarav V.,traveller92@example.com,Heritage|Adventure
93,Simran P.,traveller93@example.com,Beach|Hill Station|Spiritual
94,Joseph T.,traveller94@example.com,Heritage|Adventure|City
95,Rohan N.,traveller95@example.com,Heritage
96,Fatima I.,traveller96@example.com,City
97,Simran V.,traveller97@example.com,Adventure|Wildlife|City
98,Anika V.,traveller98@example.com,Heritage|Spiritual
99,Arjun S.,traveller99@example.com,Beach|City
100,Neha M.,traveller100@example.com,Adventure|Spiritual
101,Imran J.,traveller101@example.com,Spiritual
102,Fatima V.,traveller102@example.com,Wildlife
103,Joseph C.,traveller103@example.com,Heritage|Wildlife
104,Anika T.,traveller104@example.com,Beach|Adventure
105,Anika Y.,traveller105@example.com,City
106,Krishna M.,traveller106@example.com,City
107,Krishna S.,traveller107@example.com,Adventure
108,Kabir R.,traveller108@example.com,Spiritual
109,Varun M.,traveller109@example.com,Adventure|Wildlife
110,Ishaan N.,traveller110@example.com,Wildlife
111,Kavya S.,traveller111@example.com,Heritage|City
112,Diya G.,traveller112@example.com,Beach|Spiritual
113,Nandini R.,traveller113@example.com,Hill Station|Nature|Wildlife
114,Diya K.,traveller114@example.com,Spiritual
115,Ira D.,traveller115@example.com,Adventure|Wildlife
116,Saanvi J.,traveller116@example.com,City
117,Sneha I.,traveller117@example.com,Heritage|Wildlife
118,Rahul D.,traveller118@example.com,Heritage|Adventure|Spiritual
119,Harsh D.,traveller119@example.com,Hill Station|Spiritual
120,Arjun E.,traveller120@example.com,Wildlife|City
121,Imran I.,traveller121@example.com,Hill Station|Spiritual
122,Maria M.,traveller122@example.com,Beach|Hill Station
123,Arjun V.,traveller123@example.com,Hill Station|Adventure
124,Varun P.,traveller124@example.com,City
125,Lakshmi B.,traveller125@example.com,Beach|Hill Station
126,Meera C.,traveller126@example.com,Wildlife|City
127,Krishna D.,traveller127@example.com,Beach|Spiritual
128,Ananya B.,traveller128@example.com,Hill Station
129,Suresh H.,traveller129@example.com,Beach
130,Yash M.,traveller130@example.com,Nature
131,Vihaan N.,traveller131@example.com,Adventure|Wildlife
132,Krishna E.,traveller132@example.com,Adventure
133,Nandini A.,traveller133@example.com,Heritage
134,Arjun B.,traveller134@example.com,City
135,Aditya A.,traveller135@example.com,Nature|Adventure
136,Nandini C.,traveller136@example.com,Beach|Heritage|City
137,Pooja D.,traveller137@example.com,Adventure|Wildlife|City
138,Kavya Y.,traveller138@example.com,Adventure|City
139,Imran D.,traveller139@example.com,Spiritual|Wildlife
140,Diya C.,traveller140@example.com,Nature
141,Simran Y.,traveller141@example.com,Heritage|Wildlife
142,Harsh Y.,traveller142@example.com,Hill Station|Heritage|Adventure
143,Aditi R.,traveller143@example.com,Spiritual|Wildlife
144,Joseph I.,traveller144@example.com,Spiritual|Wildlife
145,Joseph I.,traveller145@example.com,Beach
146,Imran D.,traveller146@example.com,Heritage
147,Siddharth G.,traveller147@example.com,Heritage
148,Nandini A.,traveller148@example.com,Nature|Adventure|Wildlife
149,Sahil D.,traveller149@example.com,City
150,Kabir M.,traveller150@example.com,Hill Station
151,Anika V.,traveller151@example.com,Spiritual|City
152,Diya A.,traveller152@example.com,Beach|Nature
153,Meera K.,traveller153@example.com,Spiritual|City
154,Kavya H.,traveller154@example.com,Wildlife|City
155,Nandini I.,traveller155@example.com,Wildlife
156,Krishna I.,traveller156@example.com,City
157,Maria P.,traveller157@example.com,Hill Station|Heritage
158,Ananya J.,traveller158@example.com,Hill Station|Heritage
159,Nandini D.,traveller159@example.com,Wildlife
160,Imran T.,traveller160@example.com,Heritage|Wildlife
161,Suresh G.,traveller161@example.com,Beach
162,Dev Y.,traveller162@example.com,Nature|Wildlife
163,Maria D.,traveller163@example.com,Beach|Adventure
164,Rahul I.,traveller164@example.com,Nature
165,Siddharth S.,traveller165@example.com,Beach|Hill Station|Heritage
166,Sahil S.,traveller166@example.com,Beach|Hill Station|Wildlife
167,Maria S.,traveller167@example.com,Beach|Spiritual
168,Anika Y.,traveller168@example.com,Hill Station
169,Dev R.,traveller169@example.com,Hill Station
170,Vihaan C.,traveller170@example.com,Wildlife
171,Rohan H.,traveller171@example.com,Heritage|Nature
172,Vihaan H.,traveller172@example.com,Hill Station
173,Ananya T.,traveller173@example.com,Heritage
174,Priya J.,traveller174@example.com,Beach|Nature|Spiritual
175,Ira C.,traveller175@example.com,Adventure|Wildlife
176,Saanvi K.,traveller176@example.com,Wildlife|City
177,Priya A.,traveller177@example.com,Nature
178,Ananya G.,traveller178@example.com,Hill Station|Nature
179,Nandini H.,traveller179@example.com,Hill Station|Nature
180,Ira P.,traveller180@example.com,Beach|Adventure|Wildlife
181,Anika H.,traveller181@example.com,Nature|Spiritual
182,Lakshmi T.,traveller182@example.com,Wildlife
183,Arjun R.,traveller183@example.com,Hill Station|Adventure|City
184,Saanvi I.,traveller184@example.com,Hill Station|City
185,Kabir P.,traveller185@example.com,City
186,Priya H.,traveller186@example.com,Wildlife
187,Dev P.,traveller187@example.com,Heritage
188,Joseph A.,traveller188@example.com,Spiritual
189,Nandini S.,traveller189@example.com,Beach|Nature|City
190,Sahil E.,traveller190@example.com,Adventure
191,Nandini S.,traveller191@example.com,Hill Station
192,Rohan P.,traveller192@example.com,City
193,Dev G.,traveller193@example.com,Spiritual|Wildlife
194,Pooja Y.,traveller194@example.com,Hill Station|Nature
195,Meera V.,traveller195@example.com,Heritage|Adventure
196,Aditya G.,traveller196@example.com,Nature|Spiritual
197,Imran E.,traveller197@example.com,Nature|Spiritual
198,Simran J.,traveller198@example.com,Adventure|Wildlife|City
199,Kabir P.,traveller199@example.com,City
200,Neha J.,traveller200@example.com,Beach|Wildlife
201,Rahul V.,traveller201@example.com,Heritage
202,Sahil M.,traveller202@example.com,Beach|Adventure
203,Anika A.,traveller203@example.com,Hill Station|City
204,Suresh M.,traveller204@example.com,Beach|Adventure
205,Aditi Y.,traveller205@example.com,Beach
206,Ishaan C.,traveller206@example.com,Adventure|City
207,Rahul A.,traveller207@example.com,Adventure|City
208,Sahil V.,traveller208@example.com,Wildlife
209,Aditi Y.,traveller209@example.com,Nature|Spiritual
210,Lakshmi Y.,traveller210@example.com,City
211,Anika Y.,traveller211@example.com,Wildlife
212,Lakshmi M.,traveller212@example.com,Hill Station|City
213,Aditi V.,traveller213@example.com,Nature
214,Saanvi D.,traveller214@example.com,Hill Station
215,Priya G.,traveller215@example.com,Hill Station|Spiritual|City
216,Yash E.,traveller216@example.com,Beach|Heritage|Adventure
217,Harsh E.,traveller217@example.com,Adventure
218,Pooja K.,traveller218@example.com,Beach|Spiritual
219,Sahil H.,traveller219@example.com,Nature|Adventure
220,Ananya A.,traveller220@example.com,Hill Station|Spiritual|City
221,Simran N.,traveller221@example.com,Adventure|Spiritual|Wildlife
222,Ishaan Y.,traveller222@example.com,Adventure|City
223,Nandini Y.,traveller223@example.com,Heritage|City
224,Arjun M.,traveller224@example.com,Hill Station|City
225,Neha T.,traveller225@example.com,Spiritual
226,Anika B.,traveller226@example.com,Nature|Spiritual
227,Maria N.,traveller227@example.com,Hill Station
228,Kavya H.,traveller228@example.com,Wildlife
229,Kavya D.,traveller229@example.com,Wildlife
230,Priya D.,traveller230@example.com,City
231,Dev M.,traveller231@example.com,Spiritual|City
232,Ira P.,traveller232@example.com,Heritage|Adventure
233,Ira I.,traveller233@example.com,Adventure|Spiritual|Wildlife
234,Ananya C.,traveller234@example.com,Heritage|Nature
235,Diya S.,traveller235@example.com,Adventure
236,Pooja D.,traveller236@example.com,Spiritual
237,Zoya R.,traveller237@example.com,Adventure
238,Vihaan I.,traveller238@example.com,Beach|Heritage|Adventure
239,Simran I.,traveller239@example.com,Beach
240,Joseph P.,traveller240@example.com,City
241,Nandini C.,traveller241@example.com,Beach|Spiritual
242,Siddharth C.,traveller242@example.com,Heritage|Nature
243,Fatima P.,traveller243@example.com,Adventure
244,Suresh G.,traveller244@example.com,Beach|Hill Station|Spiritual
245,Imran V.,traveller245@example.com,Wildlife
246,Maria H.,traveller246@example.com,Hill Station
247,Aditya P.,traveller247@example.com,Beach|Nature
248,Meera J.,traveller248@example.com,Nature|Adventure
249,Fatima T.,traveller249@example.com,Wildlife
250,Rohan K.,traveller250@example.com,Beach
251,Saanvi S.,traveller251@example.com,Adventure
252,Rahul I.,traveller252@example.com,Beach
253,Ira P.,traveller253@example.com,Adventure|Wildlife
254,Ananya N.,traveller254@example.com,Beach
255,Priya G.,traveller255@example.com,Spiritual
256,Ira J.,traveller256@example.com,Nature|Adventure
257,Joseph R.,traveller257@example.com,Hill Station
258,Priya P.,traveller258@example.com,Hill Station|Nature|City
259,Aditya B.,traveller259@example.com,Beach|Adventure|City
260,Aditya I.,traveller260@example.com,City
261,Gurpreet N.,traveller261@example.com,Hill Station|Wildlife
262,Yash D.,traveller262@example.com,Heritage
263,Ishaan H.,traveller263@example.com,Beach|Nature|Wildlife
264,Aditya N.,traveller264@example.com,Beach|Nature
265,Aditi S.,traveller265@example.com,Beach
266,Kabir N.,traveller266@example.com,Spiritual
267,Imran T.,traveller267@example.com,Heritage|Adventure
268,Sahil M.,traveller268@example.com,Spiritual
269,Priya B.,traveller269@example.com,Wildlife
270,Neha P.,traveller270@example.com,City
271,Zoya E.,traveller271@example.com,Beach|Heritage|Adventure
272,Nikhil J.,traveller272@example.com,Nature
273,Vihaan V.,traveller273@example.com,Nature|Adventure
274,Yash P.,traveller274@example.com,Beach|Adventure|Wildlife
275,Varun N.,traveller275@example.com,Beach|City
276,Riya M.,traveller276@example.com,Adventure|Wildlife
277,Siddharth J.,traveller277@example.com,Beach|Wildlife
278,Riya J.,traveller278@example.com,Nature
279,Fatima B.,traveller279@example.com,Hill Station
280,Kabir R.,traveller280@example.com,Hill Station
281,Pooja C.,traveller281@example.com,City
282,Rahul M.,traveller282@example.com,Beach|Spiritual
283,Sahil R.,traveller283@example.com,Wildlife|City
284,Harsh A.,traveller284@example.com,Heritage
285,Krishna Y.,traveller285@example.com,City
286,Aditya D.,traveller286@example.com,Nature
287,Simran I.,traveller287@example.com,Nature
288,Priya C.,traveller288@example.com,Hill Station
289,Maria Y.,traveller289@example.com,Adventure
290,Nandini E.,traveller290@example.com,Wildlife
291,Riya E.,traveller291@example.com,Spiritual
292,Lakshmi V.,traveller292@example.com,Hill Station|Spiritual|Wildlife
293,Riya E.,traveller293@example.com,Hill Station
294,Aarav H.,traveller294@example.com,Spiritual|Wildlife|City
295,Fatima M.,traveller295@example.com,Spiritual|Wildlife
296,Gurpreet J.,traveller296@example.com,Beach|Heritage|City
297,Suresh K.,traveller297@example.com,City
298,Tanvi E.,traveller298@example.com,Heritage|Adventure
299,Sahil B.,traveller299@example.com,Adventure|Spiritual
300,Rohan E.,traveller300@example.com,Beach|City
301,Pooja T.,traveller301@example.com,Beach|Spiritual
302,Imran G.,traveller302@example.com,Beach|Spiritual
303,Aditi Y.,traveller303@example.com,Heritage|Wildlife
304,Meera D.,traveller304@example.com,Spiritual
305,Maria P.,traveller305@example.com,Nature|Wildlife
306,Krishna C.,traveller306@example.com,Wildlife
307,Harsh K.,traveller307@example.com,Adventure|City
308,Dev Y.,traveller308@example.com,Heritage|Adventure
309,Vihaan N.,traveller309@example.com,Adventure|Wildlife
310,Joseph C.,traveller310@example.com,Nature
311,Riya V.,traveller311@example.com,Beach|Hill Station
312,Suresh N.,traveller312@example.com,Adventure|Wildlife
313,Rohan M.,traveller313@example.com,Nature|Wildlife
314,Diya S.,traveller314@example.com,Spiritual
315,Rahul G.,traveller315@example.com,Nature|Wildlife
316,Imran V.,traveller316@example.com,Adventure|City
317,Lakshmi Y.,traveller317@example.com,Beach
318,Kabir B.,traveller318@example.com,City
319,Suresh C.,traveller319@example.com,Adventure|Spiritual
320,Priya T.,traveller320@example.com,Heritage
321,Ananya C.,traveller321@example.com,Beach|Nature|City
322,Meera S.,traveller322@example.com,Nature|City
323,Tanvi E.,traveller323@example.com,Heritage|Adventure
324,Harsh B.,traveller324@example.com,Adventure
325,Rohan S.,traveller325@example.com,City
326,Pooja T.,traveller326@example.com,Adventure
327,Simran P.,traveller327@example.com,City
328,Rohan C.,traveller328@example.com,Spiritual
329,Krishna R.,traveller329@example.com,Heritage
330,Gurpreet T.,traveller330@example.com,Beach|Hill Station|Nature
331,Varun M.,traveller331@example.com,Adventure
332,Arjun A.,traveller332@example.com,Hill Station
333,Priya I.,traveller333@example.com,Beach|Nature|Wildlife
334,Meera R.,traveller334@example.com,Spiritual
335,Kabir R.,traveller335@example.com,Nature
336,Lakshmi D.,traveller336@example.com,Beach
337,Zoya R.,traveller337@example.com,Beach
338,Rohan A.,traveller338@example.com,Heritage|Wildlife
339,Rahul R.,traveller339@example.com,Heritage|Adventure
340,Pooja D.,traveller340@example.com,Nature
341,Saanvi K.,traveller341@example.com,Spiritual
342,Rohan A.,traveller342@example.com,Adventure
343,Priya I.,traveller343@example.com,Beach|Heritage
344,Nandini M.,traveller344@example.com,Beach|Heritage
345,Siddharth I.,traveller345@example.com,Beach|Adventure
346,Fatima S.,traveller346@example.com,Beach|Heritage
347,Gurpreet I.,traveller347@example.com,Beach|Spiritual|Wildlife
348,Neha S.,traveller348@example.com,Beach|Spiritual
349,Dev R.,traveller349@example.com,Beach
350,Sneha K.,traveller350@example.com,Adventure|Wildlife
351,Imran N.,traveller351@example.com,Beach
352,Yash D.,traveller352@example.com,Beach|Adventure
353,Rohan M.,traveller353@example.com,Wildlife|City
354,Aarav B.,traveller354@example.com,Spiritual
355,Aditya V.,traveller355@example.com,Heritage
356,Imran R.,traveller356@example.com,Nature|City
357,Nikhil P.,traveller357@example.com,Spiritual
358,Neha Y.,traveller358@example.com,Nature|Wildlife
359,Riya D.,traveller359@example.com,Wildlife
360,Sahil N.,traveller360@example.com,Nature
361,Sahil M.,traveller361@example.com,Nature|Spiritual|City
362,Imran Y.,traveller362@example.com,City
363,Fatima M.,traveller363@example.com,Wildlife|City
364,Kabir N.,traveller364@example.com,Heritage|Spiritual
365,Simran J.,traveller365@example.com,Beach|Hill Station
366,Meera J.,traveller366@example.com,Hill Station
367,Rohan D.,traveller367@example.com,Heritage|Wildlife|City
368,Neha S.,traveller368@example.com,Nature|Spiritual
369,Priya V.,traveller369@example.com,Heritage
370,Meera Y.,traveller370@example.com,Nature|Adventure
371,Aarav I.,traveller371@example.com,Hill Station|Wildlife
372,Diya I.,traveller372@example.com,Beach|Wildlife
373,Ananya R.,traveller373@example.com,Hill Station
374,Ira A.,traveller374@example.com,Wildlife
375,Aarav A.,traveller375@example.com,Hill Station|Adventure
376,Siddharth G.,traveller376@example.com,Spiritual|Wildlife
377,Dev B.,traveller377@example.com,Beach|City
378,Priya E.,traveller378@example.com,Nature|City
379,Pooja A.,traveller379@example.com,Hill Station|Wildlife
380,Priya Y.,traveller380@example.com,Adventure
381,Simran R.,traveller381@example.com,City
382,Dev T.,traveller382@example.com,Hill Station
383,Maria H.,traveller383@example.com,Nature|Spiritual|City
384,Aarav M.,traveller384@example.com,Hill Station|Spiritual
385,Tanvi E.,traveller385@example.com,Adventure
386,Riya S.,traveller386@example.com,Beach
387,Simran M.,traveller387@example.com,Spiritual
388,Joseph R.,traveller388@example.com,Hill Station
389,Aditya I.,traveller389@example.com,Hill Station
390,Simran N.,traveller390@example.com,Beach|City
391,Aarav G.,traveller391@example.com,Hill Station|Wildlife
392,Kabir C.,traveller392@example.com,Nature
393,Krishna J.,traveller393@example.com,Beach|Heritage
394,Priya K.,traveller394@example.com,Heritage
395,Gurpreet M.,traveller395@example.com,City
396,Priya E.,traveller396@example.com,Beach|Adventure
397,Maria B.,traveller397@example.com,Hill Station|City
398,Kavya K.,traveller398@example.com,Beach|Spiritual
399,Fatima S.,traveller399@example.com,Beach|Nature
400,Krishna G.,traveller400@example.com,Hill Station|City
401,Zoya V.,traveller401@example.com,Hill Station|Spiritual
402,Nandini G.,traveller402@example.com,City
403,Rahul A.,traveller403@example.com,Heritage|Spiritual|Wildlife
404,Yash S.,traveller404@example.com,Nature|Wildlife
405,Priya H.,traveller405@example.com,Hill Station|Nature|Adventure
406,Krishna E.,traveller406@example.com,Wildlife
407,Krishna S.,traveller407@example.com,Beach|Nature
408,Dev H.,traveller408@example.com,Heritage
409,Dev N.,traveller409@example.com,Heritage
410,Aarav D.,traveller410@example.com,Spiritual
411,Simran M.,traveller411@example.com,City
412,Simran G.,traveller412@example.com,Hill Station
413,Simran B.,traveller413@example.com,Hill Station
414,Neha Y.,traveller414@example.com,Hill Station
415,Ishaan G.,traveller415@example.com,Hill Station|Heritage|Adventure
416,Saanvi P.,traveller416@example.com,Spiritual
417,Neha N.,traveller417@example.com,Beach|Hill Station
418,Aditi R.,traveller418@example.com,Nature
419,Fatima J.,traveller419@example.com,City
420,Maria T.,traveller420@example.com,City
421,Tanvi E.,traveller421@example.com,Beach|Nature
422,Nandini V.,traveller422@example.com,Hill Station|Spiritual|Wildlife
423,Dev V.,traveller423@example.com,Nature|Wildlife
424,Kabir V.,traveller424@example.com,Heritage
425,Kavya R.,traveller425@example.com,Heritage
426,Krishna R.,traveller426@example.com,Adventure
427,Sneha S.,traveller427@example.com,Wildlife
428,Joseph N.,traveller428@example.com,Spiritual
429,Gurpreet S.,traveller429@example.com,Wildlife
430,Joseph T.,traveller430@example.com,Beach|Heritage
431,Fatima Y.,traveller431@example.com,Hill Station|Nature
432,Aditi R.,traveller432@example.com,Hill Station|Heritage|Adventure
433,Tanvi T.,traveller433@example.com,Wildlife|City
434,Arjun N.,traveller434@example.com,Adventure|Wildlife|City
435,Ira T.,traveller435@example.com,Heritage
436,Sahil D.,traveller436@example.com,Beach|Heritage
437,Harsh S.,traveller437@example.com,Hill Station|Adventure
438,Siddharth A.,traveller438@example.com,Adventure|Wildlife
439,Ira N.,traveller439@example.com,Nature
440,Harsh A.,traveller440@example.com,Adventure
441,Krishna C.,traveller441@example.com,Adventure
442,Aditi V.,traveller442@example.com,Adventure|Spiritual
443,Varun P.,traveller443@example.com,Spiritual|City
444,Priya K.,traveller444@example.com,Beach
445,Krishna H.,traveller445@example.com,Beach
446,Aarav Y.,traveller446@example.com,Nature|Wildlife
447,Krishna V.,traveller447@example.com,Hill Station|Nature
448,Priya A.,traveller448@example.com,Beach|Heritage|Nature
449,Ananya K.,traveller449@example.com,Heritage
450,Ananya G.,traveller450@example.com,Wildlife
451,Simran G.,traveller451@example.com,Heritage
452,Gurpreet G.,traveller452@example.com,Hill Station|Nature
453,Yash S.,traveller453@example.com,Wildlife
454,Neha H.,traveller454@example.com,Beach|Hill Station|City
455,Krishna R.,traveller455@example.com,Hill Station|Spiritual
456,Neha B.,traveller456@example.com,Beach|Spiritual
457,Fatima G.,traveller457@example.com,City
458,Saanvi P.,traveller458@example.com,Heritage
459,Aditi C.,traveller459@example.com,Beach|Hill Station|Adventure
460,Saanvi N.,traveller460@example.com,Hill Station|City
461,Aditya H.,traveller461@example.com,Wildlife
462,Gurpreet K.,traveller462@example.com,City
463,Neha N.,traveller463@example.com,Heritage
464,Siddharth S.,traveller464@example.com,Beach
465,Dev Y.,traveller465@example.com,City
466,Priya V.,traveller466@example.com,Nature|Spiritual|Wildlife
467,Siddharth V.,traveller467@example.com,Hill Station
468,Fatima N.,traveller468@example.com,Beach
469,Siddharth K.,traveller469@example.com,Beach
470,Joseph A.,traveller470@example.com,Adventure|Wildlife
471,Vihaan I.,traveller471@example.com,Nature|Spiritual
472,Joseph A.,traveller472@example.com,Beach|Nature|Adventure
473,Neha J.,traveller473@example.com,Hill Station|Nature|Wildlife
474,Kavya A.,traveller474@example.com,Beach|Wildlife
475,Ananya J.,traveller475@example.com,City
476,Nandini E.,traveller476@example.com,Beach|Heritage
477,Aarav C.,traveller477@example.com,Spiritual
478,Krishna G.,traveller478@example.com,Beach|Spiritual
479,Aditi K.,traveller479@example.com,Wildlife
480,Anika H.,traveller480@example.com,Heritage|Wildlife
481,Lakshmi B.,traveller481@example.com,Heritage
482,Arjun E.,traveller482@example.com,Spiritual
483,Sneha H.,traveller483@example.com,Heritage|Spiritual|Wildlife
484,Varun G.,traveller484@example.com,Beach|Heritage
485,Maria C.,traveller485@example.com,Wildlife
486,Kavya I.,traveller486@example.com,Beach|Nature
487,Gurpreet N.,traveller487@example.com,Heritage|Wildlife|City
488,Rohan N.,traveller488@example.com,Beach|Wildlife
489,Nandini E.,traveller489@example.com,Nature
490,Fatima V.,traveller490@example.com,Adventure|City
491,Rahul D.,traveller491@example.com,City
492,Arjun N.,traveller492@example.com,Beach|Nature
493,Simran S.,traveller493@example.com,Beach|Nature
494,Aditi B.,traveller494@example.com,Beach|Wildlife
495,Rahul I.,traveller495@example.com,Beach|Hill Station
496,Gurpreet N.,traveller496@example.com,Wildlife
497,Neha Y.,traveller497@example.com,Adventure|Spiritual
498,Siddharth K.,traveller498@example.com,Hill Station|Wildlife
499,Lakshmi B.,traveller499@example.com,City
500,Ira H.,traveller500@example.com,Hill Station
501,Nikhil R.,traveller501@example.com,Heritage
502,Nandini P.,traveller502@example.com,Heritage|Adventure
503,Ananya C.,traveller503@example.com,Hill Station|Wildlife|City
504,Arjun H.,traveller504@example.com,Spiritual
505,Harsh E.,traveller505@example.com,Heritage|Wildlife
506,Ishaan N.,traveller506@example.com,Wildlife
507,Vihaan N.,traveller507@example.com,Heritage|Nature
508,Ishaan B.,traveller508@example.com,Nature|Wildlife
509,Maria A.,traveller509@example.com,Heritage|Adventure
510,Aditya H.,traveller510@example.com,Beach|Wildlife
511,Aarav K.,traveller511@example.com,City
512,Suresh J.,traveller512@example.com,Nature|Adventure|Wildlife
513,Pooja M.,traveller513@example.com,Wildlife
514,Aarav T.,traveller514@example.com,Heritage
515,Pooja J.,traveller515@example.com,Wildlife
516,Fatima I.,traveller516@example.com,Nature|City
517,Aditi B.,traveller517@example.com,City
518,Siddharth J.,traveller518@example.com,Adventure|Wildlife
519,Riya A.,traveller519@example.com,Wildlife
520,Vihaan P.,traveller520@example.com,Hill Station|Spiritual|Wildlife
521,Ananya R.,traveller521@example.com,Heritage|Adventure
522,Varun B.,traveller522@example.com,Heritage|Nature|Spiritual
523,Aarav P.,traveller523@example.com,City
524,Ananya H.,traveller524@example.com,City
525,Sneha D.,traveller525@example.com,Hill Station|Heritage|City
526,Ananya N.,traveller526@example.com,Nature|Spiritual|Wildlife
527,Ananya C.,traveller527@example.com,Nature
528,Gurpreet Y.,traveller528@example.com,Heritage|Nature|Spiritual
529,Ananya C.,traveller529@example.com,Hill Station
530,Sneha S.,traveller530@example.com,Adventure|Wildlife
531,Arjun J.,traveller531@example.com,Hill Station|Wildlife
532,Priya V.,traveller532@example.com,Beach|Wildlife
533,Rohan T.,traveller533@example.com,Spiritual|City
534,Varun R.,traveller534@example.com,Adventure
535,Nikhil D.,traveller535@example.com,Spiritual|Wildlife
536,Aarav T.,traveller536@example.com,Hill Station|Spiritual
537,Vihaan V.,traveller537@example.com,Adventure
538,Arjun M.,traveller538@example.com,Beach|Wildlife
539,Rahul A.,traveller539@example.com,Beach
540,Varun G.,traveller540@example.com,Spiritual|Wildlife|City
541,Ishaan R.,traveller541@example.com,Heritage|Wildlife
542,Pooja E.,traveller542@example.com,Spiritual|Wildlife
543,Nandini P.,traveller543@example.com,Beach
544,Tanvi R.,traveller544@example.com,Hill Station|Wildlife
545,Fatima Y.,traveller545@example.com,City
546,Aarav P.,traveller546@example.com,Nature|Spiritual
547,Imran R.,traveller547@example.com,Hill Station
548,Varun R.,traveller548@example.com,Heritage|Adventure
549,Saanvi G.,traveller549@example.com,Spiritual
550,Yash M.,traveller550@example.com,Adventure|Spiritual
551,Yash K.,traveller551@example.com,Hill Station|City
552,Varun H.,traveller552@example.com,Nature
553,Siddharth J.,traveller553@example.com,Hill Station|Spiritual
554,Pooja K.,traveller554@example.com,Beach|Nature
555,Joseph R.,traveller555@example.com,Hill Station|City
556,Nikhil A.,traveller556@example.com,Beach|Heritage|Wildlife
557,Yash S.,traveller557@example.com,Heritage|City
558,Priya A.,traveller558@example.com,Nature
559,Saanvi J.,traveller559@example.com,Spiritual|City
560,Ananya B.,traveller560@example.com,Nature|Wildlife
561,Dev N.,traveller561@example.com,Beach|Adventure|City
562,Ananya T.,traveller562@example.com,Hill Station
563,Siddharth I.,traveller563@example.com,Hill Station|Heritage|City
564,Lakshmi E.,traveller564@example.com,Beach|City
565,Yash V.,traveller565@example.com,Hill Station|Nature
566,Maria Y.,traveller566@example.com,Beach|Spiritual
567,Yash Y.,traveller567@example.com,Hill Station|Heritage
568,Joseph I.,traveller568@example.com,Nature|Adventure
569,Simran R.,traveller569@example.com,Nature|Spiritual
570,Arjun P.,traveller570@example.com,Nature|Wildlife|City
571,Ira G.,traveller571@example.com,Hill Station|Heritage|Adventure
572,Rohan D.,traveller572@example.com,Hill Station
573,Nandini S.,traveller573@example.com,Heritage
574,Sneha R.,traveller574@example.com,City
575,Yash N.,traveller575@example.com,Beach
576,Anika D.,traveller576@example.com,Nature|Adventure
577,Siddharth T.,traveller577@example.com,Hill Station|Wildlife
578,Suresh E.,traveller578@example.com,Beach|Hill Station|Wildlife
579,Tanvi K.,traveller579@example.com,Heritage|Spiritual
580,Dev I.,traveller580@example.com,Heritage|Nature|City
581,Pooja G.,traveller581@example.com,Hill Station|Heritage|Nature
582,Yash I.,traveller582@example.com,Nature
583,Ishaan R.,traveller583@example.com,Nature
584,Ananya Y.,traveller584@example.com,Hill Station|Wildlife
585,Priya J.,traveller585@example.com,Beach|Hill Station|City
586,Ira A.,traveller586@example.com,Nature
587,Ishaan J.,traveller587@example.com,Adventure|City
588,Fatima P.,traveller588@example.com,Beach
589,Neha I.,traveller589@example.com,Wildlife
590,Harsh D.,traveller590@example.com,City
591,Aditya I.,traveller591@example.com,Nature
592,Saanvi G.,traveller592@example.com,Beach|Hill Station|Spiritual
593,Vihaan Y.,traveller593@example.com,Nature|Spiritual
594,Simran T.,traveller594@example.com,Adventure
595,Varun R.,traveller595@example.com,Nature
596,Diya B.,traveller596@example.com,Hill Station|Adventure
597,Priya I.,traveller597@example.com,Beach|Wildlife
598,Siddharth G.,traveller598@example.com,Nature
599,Imran E.,traveller599@example.com,Hill Station|Nature
600,Pooja V.,traveller600@example.com,Beach|City
601,Vihaan T.,traveller601@example.com,Wildlife
602,Ishaan V.,traveller602@example.com,Hill Station|Adventure
603,Rohan M.,traveller603@example.com,Beach|Heritage
604,Anika D.,traveller604@example.com,Spiritual
605,Harsh S.,traveller605@example.com,Hill Station|Nature
606,Imran Y.,traveller606@example.com,Spiritual|Wildlife
607,Meera D.,traveller607@example.com,Heritage
608,Sneha V.,traveller608@example.com,Adventure|Wildlife
609,Joseph S.,traveller609@example.com,Adventure|City
610,Meera S.,traveller610@example.com,Adventure|Wildlife
611,Ira E.,traveller611@example.com,Hill Station|Wildlife
612,Aditi V.,traveller612@example.com,Hill Station
613,Vihaan G.,traveller613@example.com,Spiritual|City
614,Saanvi T.,traveller614@example.com,Adventure
615,Ananya E.,traveller615@example.com,Beach
616,Arjun N.,traveller616@example.com,Spiritual|Wildlife|City
617,Saanvi V.,traveller617@example.com,Beach|Hill Station
618,Fatima G.,traveller618@example.com,Spiritual
619,Maria Y.,traveller619@example.com,Nature
620,Aditya S.,traveller620@example.com,Beach|Hill Station|Spiritual
621,Ananya G.,traveller621@example.com,Nature|Wildlife
622,Siddharth P.,traveller622@example.com,Spiritual
623,Arjun B.,traveller623@example.com,Spiritual|Wildlife|City
624,Yash B.,traveller624@example.com,Adventure|City
625,Meera E.,traveller625@example.com,Beach|Heritage|Adventure
626,Rohan H.,traveller626@example.com,Beach
627,Riya K.,traveller627@example.com,Adventure
628,Diya H.,traveller628@example.com,Hill Station|Wildlife
629,Simran K.,traveller629@example.com,Beach|Nature|City
630,Joseph Y.,traveller630@example.com,Heritage
631,Krishna T.,traveller631@example.com,Nature|Wildlife
632,Nandini D.,traveller632@example.com,Heritage
633,Ira K.,traveller633@example.com,Beach
634,Kabir E.,traveller634@example.com,Heritage|Adventure|Wildlife
635,Nikhil Y.,traveller635@example.com,Hill Station|Adventure|City
636,Joseph H.,traveller636@example.com,Wildlife
637,Pooja N.,traveller637@example.com,City
638,Joseph R.,traveller638@example.com,Beach|Nature
639,Joseph J.,traveller639@example.com,Hill Station|City
640,Aarav N.,traveller640@example.com,Heritage|Adventure
641,Rohan I.,traveller641@example.com,Heritage|City
642,Krishna J.,traveller642@example.com,Beach|Heritage|Adventure
643,Tanvi S.,traveller643@example.com,Wildlife|City
644,Diya M.,traveller644@example.com,Adventure
645,Saanvi G.,traveller645@example.com,Adventure|Wildlife
646,Maria M.,traveller646@example.com,City
647,Sneha Y.,traveller647@example.com,Hill Station|Nature
648,Zoya N.,traveller648@example.com,Heritage
649,Neha V.,traveller649@example.com,Nature
650,Tanvi V.,traveller650@example.com,Beach
651,Vihaan N.,traveller651@example.com,Wildlife
652,Krishna V.,traveller652@example.com,Beach|Spiritual
653,Rahul V.,traveller653@example.com,Spiritual
654,Aditya J.,traveller654@example.com,Beach|Heritage
655,Vihaan G.,traveller655@example.com,Hill Station|City
656,Varun B.,traveller656@example.com,Hill Station|Wildlife|City
657,Pooja P.,traveller657@example.com,Spiritual|City
658,Kavya G.,traveller658@example.com,Adventure|Spiritual
659,Siddharth P.,traveller659@example.com,Beach|Spiritual|City
660,Imran Y.,traveller660@example.com,Adventure|City
661,Saanvi R.,traveller661@example.com,Hill Station
662,Neha M.,traveller662@example.com,Nature
663,Sahil N.,traveller663@example.com,Hill Station|Heritage|Spiritual
664,Tanvi G.,traveller664@example.com,Hill Station|Nature|City
665,Siddharth G.,traveller665@example.com,Wildlife
666,Tanvi T.,traveller666@example.com,Nature|Wildlife
667,Siddharth P.,traveller667@example.com,Beach|Heritage|Spiritual
668,Fatima H.,traveller668@example.com,Hill Station|Wildlife
669,Aditya P.,traveller669@example.com,Beach|Nature
670,Ishaan N.,traveller670@example.com,Nature
671,Anika C.,traveller671@example.com,Spiritual|Wildlife
672,Sneha M.,traveller672@example.com,Wildlife|City
673,Ananya R.,traveller673@example.com,Nature|Adventure
674,Anika J.,traveller674@example.com,Adventure
675,Lakshmi A.,traveller675@example.com,Spiritual|City
676,Kabir K.,traveller676@example.com,Heritage|Adventure|Spiritual
677,Rohan N.,traveller677@example.com,Spiritual
678,Varun D.,traveller678@example.com,Beach
679,Vihaan I.,traveller679@example.com,City
680,Maria A.,traveller680@example.com,Wildlife
681,Kabir V.,traveller681@example.com,Spiritual
682,Aditya J.,traveller682@example.com,Beach|Wildlife
683,Joseph D.,traveller683@example.com,Beach|Nature
684,Krishna M.,traveller684@example.com,Nature
685,Meera P.,traveller685@example.com,Spiritual|Wildlife
686,Aditya I.,traveller686@example.com,Beach|Hill Station|City
687,Fatima N.,traveller687@example.com,Heritage|Adventure
688,Imran B.,traveller688@example.com,Hill Station|Nature
689,Yash R.,traveller689@example.com,Nature|Wildlife
690,Rahul H.,traveller690@example.com,Nature
691,Rahul G.,traveller691@example.com,Beach
692,Maria V.,traveller692@example.com,Beach|Hill Station
693,Nikhil I.,traveller693@example.com,City
694,Saanvi P.,traveller694@example.com,Nature
695,Gurpreet B.,traveller695@example.com,Heritage|Adventure|City
696,Sneha G.,traveller696@example.com,Heritage|Wildlife
697,Rahul D.,traveller697@example.com,City
698,Diya I.,traveller698@example.com,Wildlife|City
699,Lakshmi D.,traveller699@example.com,Spiritual
700,Meera T.,traveller700@example.com,Wildlife
701,Pooja D.,traveller701@example.com,Adventure|Wildlife
702,Ishaan A.,traveller702@example.com,Spiritual
703,Ira M.,traveller703@example.com,Wildlife
704,Rahul R.,traveller704@example.com,City
705,Diya S.,traveller705@example.com,Adventure
706,Priya Y.,traveller706@example.com,Hill Station|Wildlife
707,Dev K.,traveller707@example.com,City
708,Varun P.,traveller708@example.com,Adventure|City
709,Varun K.,traveller709@example.com,City
710,Aditi P.,traveller710@example.com,Spiritual
711,Nandini H.,traveller711@example.com,Hill Station
712,Joseph K.,traveller712@example.com,Beach|Heritage|Adventure
713,Tanvi H.,traveller713@example.com,Hill Station|Adventure
714,Ira A.,traveller714@example.com,Adventure|Spiritual
715,Ishaan R.,traveller715@example.com,Beach|Wildlife
716,Fatima N.,traveller716@example.com,Nature
717,Yash P.,traveller717@example.com,Hill Station|Adventure|Wildlife
718,Dev R.,traveller718@example.com,Heritage
719,Kavya C.,traveller719@example.com,Nature|Adventure|Wildlife
720,Zoya G.,traveller720@example.com,Hill Station|Adventure
721,Joseph N.,traveller721@example.com,City
722,Aditya M.,traveller722@example.com,City
723,Simran S.,traveller723@example.com,Wildlife|City
724,Aarav D.,traveller724@example.com,Heritage|Adventure
725,Maria C.,traveller725@example.com,Adventure
726,Neha S.,traveller726@example.com,Heritage|Adventure
727,Sahil Y.,traveller727@example.com,Beach|Spiritual|City
728,Ishaan J.,traveller728@example.com,Spiritual
729,Zoya D.,traveller729@example.com,Heritage|Nature
730,Nandini E.,traveller730@example.com,Adventure
731,Gurpreet I.,traveller731@example.com,City
732,Aarav R.,traveller732@example.com,Nature
733,Ira A.,traveller733@example.com,Nature
734,Zoya Y.,traveller734@example.com,Heritage
735,Joseph M.,traveller735@example.com,Wildlife
736,Nandini G.,traveller736@example.com,Beach|Wildlife
737,Anika S.,traveller737@example.com,Beach|Wildlife
738,Aditya A.,traveller738@example.com,Hill Station|Heritage
739,Siddharth H.,traveller739@example.com,Spiritual|Wildlife
740,Sahil N.,traveller740@example.com,Wildlife
741,Gurpreet S.,traveller741@example.com,Heritage|City
742,Simran J.,traveller742@example.com,Adventure
743,Pooja N.,traveller743@example.com,Hill Station|Adventure|City
744,Pooja D.,traveller744@example.com,Heritage
745,Kavya Y.,traveller745@example.com,Wildlife
746,Aditi T.,traveller746@example.com,Hill Station
747,Aditya T.,traveller747@example.com,Hill Station|Spiritual
748,Yash J.,traveller748@example.com,Nature|Wildlife
749,Riya K.,traveller749@example.com,Spiritual
750,Dev M.,traveller750@example.com,Hill Station|Heritage|City
751,Aditi T.,traveller751@example.com,Adventure|Wildlife
752,Anika C.,traveller752@example.com,Spiritual
753,Varun N.,traveller753@example.com,Beach
754,Fatima T.,traveller754@example.com,Spiritual
755,Sneha N.,traveller755@example.com,Hill Station
756,Arjun T.,traveller756@example.com,Spiritual
757,Pooja N.,traveller757@example.com,Hill Station|Heritage|Adventure
758,Aarav E.,traveller758@example.com,Wildlife|City
759,Tanvi D.,traveller759@example.com,Adventure
760,Arjun G.,traveller760@example.com,City
761,Nandini S.,traveller761@example.com,City
762,Priya T.,traveller762@example.com,Beach|Hill Station|Adventure
763,Fatima I.,traveller763@example.com,Wildlife
764,Rohan N.,traveller764@example.com,Heritage
765,Pooja G.,traveller765@example.com,Beach|Heritage
766,Vihaan E.,traveller766@example.com,Heritage|Spiritual
767,Yash J.,traveller767@example.com,Beach|Heritage
768,Simran T.,traveller768@example.com,City
769,Neha Y.,traveller769@example.com,Nature
770,Fatima A.,traveller770@example.com,Wildlife
771,Dev V.,traveller771@example.com,Nature|Adventure|Wildlife
772,Siddharth Y.,traveller772@example.com,Hill Station|Nature
773,Tanvi N.,traveller773@example.com,Adventure|City
774,Aditi T.,traveller774@example.com,Nature|Adventure|Wildlife
775,Riya J.,traveller775@example.com,Heritage|Adventure|Wildlife
776,Rahul H.,traveller776@example.com,Heritage|City
777,Fatima Y.,traveller777@example.com,Nature|Wildlife
778,Maria D.,traveller778@example.com,Beach|Hill Station|Adventure
779,Sahil N.,traveller779@example.com,Nature|City
780,Arjun M.,traveller780@example.com,Nature
781,Simran C.,traveller781@example.com,Beach|Nature|Wildlife
782,Nandini M.,traveller782@example.com,Beach|Heritage|Nature
783,Priya P.,traveller783@example.com,City
784,Aarav B.,traveller784@example.com,Heritage
785,Vihaan T.,traveller785@example.com,Heritage|Nature
786,Nandini B.,traveller786@example.com,Heritage
787,Rohan A.,traveller787@example.com,Heritage
788,Nandini K.,traveller788@example.com,Adventure
789,Harsh P.,traveller789@example.com,Heritage|Spiritual
790,Ira R.,traveller790@example.com,Hill Station|City
791,Saanvi T.,traveller791@example.com,Spiritual
792,Yash V.,traveller792@example.com,Spiritual
793,Meera J.,traveller793@example.com,Wildlife|City
794,Riya V.,traveller794@example.com,Spiritual
795,Fatima B.,traveller795@example.com,Beach|City
796,Nikhil B.,traveller796@example.com,Beach
797,Siddharth R.,traveller797@example.com,Hill Station|Heritage
798,Saanvi K.,traveller798@example.com,Spiritual
799,Sahil C.,traveller799@example.com,Wildlife
800,Riya S.,traveller800@example.com,Heritage
